date,value
1947-04-01,-1.47
1947-07-01,2.02
1947-10-01,5.32
1948-01-01,2.31
1948-04-01,0.13
1948-07-01,-0.54
1948-10-01,-0.74
1949-01-01,-3.65
1949-04-01,-1.88
1949-07-01,-0.02
1949-10-01,2.32
1950-01-01,4.24
1950-04-01,5.95
1950-07-01,5.06
1950-10-01,-1.42
1951-01-01,-2.56
1951-04-01,-2.91
1951-07-01,-0.84
1951-10-01,-0.37
1952-01-01,1.06
1952-04-01,1.12
1952-07-01,-3.16
1952-10-01,4.48
1953-01-01,2.41
1953-04-01,0.49
1953-07-01,0.16
1953-10-01,-0.44
1954-01-01,-0.74
1954-04-01,1.04
1954-07-01,2.41
1954-10-01,1.48
1955-01-01,2.54
1955-04-01,2.66
1955-07-01,1.46
1955-10-01,0.21
1956-01-01,-1.22
1956-04-01,0.59
1956-07-01,-0.04
1956-10-01,-0.33
1957-01-01,-0.06
1957-04-01,-0.55
1957-07-01,0.68
1957-10-01,-1.02
1958-01-01,-3.4
1958-04-01,-1.47
1958-07-01,0.91
1958-10-01,3.41
1959-01-01,3.46
1959-04-01,1.9
1959-07-01,0.65
1959-10-01,-0.72
1960-01-01,2.15
1960-04-01,-1.1
1960-07-01,-1.3
1960-10-01,-0.09
1961-01-01,-0.5
1961-04-01,0.99
1961-07-01,1.43
1961-10-01,1.89
1962-01-01,1.14
1962-04-01,1.68
1962-07-01,0.49
1962-10-01,-0.19
1963-01-01,0.79
1963-04-01,2.66
1963-07-01,1.54
1963-10-01,1.83
1964-01-01,2.17
1964-04-01,-0.11
1964-07-01,1.04
1964-10-01,0.56
1965-01-01,2.92
1965-04-01,1.83
1965-07-01,1.79
1965-10-01,1.52
1966-01-01,2.43
1966-04-01,-0.67
1966-07-01,0.07
1966-10-01,-1.69
1967-01-01,-1.15
1967-04-01,1.51
1967-07-01,0.75
1967-10-01,1.85
1968-01-01,1.44
1968-04-01,-0.15
1968-07-01,0.94
1968-10-01,1.45
1969-01-01,1.77
1969-04-01,0.32
1969-07-01,0.92
1969-10-01,-1.44
1970-01-01,-0.31
1970-04-01,-1.31
1970-07-01,1.03
1970-10-01,-0.04
1971-01-01,1.29
1971-04-01,2.32
1971-07-01,1.13
1971-10-01,1.76
1972-01-01,2.96
1972-04-01,1.27
1972-07-01,0.8
1972-10-01,3
1973-01-01,2.76
1973-04-01,0.52
1973-07-01,-0.24
1973-10-01,-0.62
1974-01-01,-1.4
1974-04-01,-0.87
1974-07-01,-1.09
1974-10-01,-3.62
1975-01-01,-3.65
1975-04-01,-0.7
1975-07-01,1.53
1975-10-01,1.22
1976-01-01,2.53
1976-04-01,1.01
1976-07-01,0.71
1976-10-01,3.1
1977-01-01,2.39
1977-04-01,3.69
1977-07-01,0.98
1977-10-01,1.29
1978-01-01,0.72
1978-04-01,5.27
1978-07-01,2.09
1978-10-01,1.7
1979-01-01,0.64
1979-04-01,-0.52
1979-07-01,1.33
1979-10-01,-0.8
1980-01-01,-1.11
1980-04-01,-6.39
1980-07-01,0.86
1980-10-01,2.81
1981-01-01,0.75
1981-04-01,0.62
1981-07-01,0.08
1981-10-01,-0.17
1982-01-01,-2
1982-04-01,-2.32
1982-07-01,-1.73
1982-10-01,-0.04
1983-01-01,1.44
1983-04-01,2.53
1983-07-01,3.83
1983-10-01,3.93
1984-01-01,2.29
1984-04-01,2.87
1984-07-01,1.48
1984-10-01,1.36
1985-01-01,0.72
1985-04-01,0.99
1985-07-01,-0.28
1985-10-01,1.4
1986-01-01,0.21
1986-04-01,0
1986-07-01,-0.34
1986-10-01,0.54
1987-01-01,-1.3
1987-04-01,1.07
1987-07-01,1.23
1987-10-01,-0.01
1988-01-01,0.06
1988-04-01,1.39
1988-07-01,0.33
1988-10-01,0.84
1989-01-01,0.62
1989-04-01,0.09
1989-07-01,1.2
1989-10-01,-0.91
1990-01-01,0.8
1990-04-01,-1.35
1990-07-01,-0.56
1990-10-01,-1.69
1991-01-01,-1.78
1991-04-01,0.17
1991-07-01,0.05
1991-10-01,0.24
1992-01-01,0.64
1992-04-01,1.96
1992-07-01,0.7
1992-10-01,1.78
1993-01-01,0.46
1993-04-01,1.11
1993-07-01,0.96
1993-10-01,2.52
1994-01-01,0.73
1994-04-01,1.29
1994-07-01,0.52
1994-10-01,1.57
1995-01-01,1.39
1995-04-01,-0.06
1995-07-01,0.92
1995-10-01,1.28
1996-01-01,1.7
1996-04-01,2.12
1996-07-01,1.55
1996-10-01,1.1
1997-01-01,1.29
1997-04-01,1.34
1997-07-01,2.47
1997-10-01,0.49
1998-01-01,2.06
1998-04-01,2.41
1998-07-01,1.38
1998-10-01,2.03
1999-01-01,1.27
1999-04-01,1.76
1999-07-01,1.76
1999-10-01,0.41
2000-01-01,2.17
2000-04-01,1.74
2000-07-01,0.32
2000-10-01,0.21
2001-01-01,-0.48
2001-04-01,-0.91
2001-07-01,-0.54
2001-10-01,-1.69
2002-01-01,-0.6
2002-04-01,-0.06
2002-07-01,-0.1
2002-10-01,-0.3
2003-01-01,0.62
2003-04-01,1.66
2003-07-01,2.29
2003-10-01,1.3
2004-01-01,-0.19
2004-04-01,1.94
2004-07-01,1.55
2004-10-01,1.35
2005-01-01,1.31
2005-04-01,1.26
2005-07-01,1.32
2005-10-01,0.33
2006-01-01,1.44
2006-04-01,-0.43
2006-07-01,-0.48
2006-10-01,-0.51
2007-01-01,-0.01
2007-04-01,0.38
2007-07-01,-0.4
2007-10-01,-0.7
2008-01-01,-1.12
2008-04-01,-0.57
2008-07-01,-1.73
2008-10-01,-4.38
2009-01-01,-5.06
2009-04-01,-2.11
2009-07-01,0.24
2009-10-01,0.31
2010-01-01,-0.02
2010-04-01,2.03
2010-07-01,0.33
2010-10-01,1.09
2011-01-01,-0.07
2011-04-01,1.35
2011-07-01,2.42
2011-10-01,1.54
2012-01-01,1.89
2012-04-01,1.25
2012-07-01,0.09
2012-10-01,1.12
2013-01-01,1.25
2013-04-01,0.67
2013-07-01,1.19
2013-10-01,1.07
2014-01-01,0.81
2014-04-01,1.97
2014-07-01,1.39
2014-10-01,0.94
2015-01-01,0.28
2015-04-01,0.74
2015-07-01,0.77
2015-10-01,-0.02
2016-01-01,0.51
2016-04-01,0.51
2016-07-01,0.77
2016-10-01,0.63
2017-01-01,0.89
2017-04-01,0.7
2017-07-01,0.54
2017-10-01,1.62
2018-01-01,1.23
2018-04-01,0.74
2018-07-01,0.2
2018-10-01,0.18
2019-01-01,0.2
2019-04-01,1.32
2019-07-01,0.77
2019-10-01,-0.19
2020-01-01,-0.52
2020-04-01,-5.22
2020-07-01,5.08
2020-10-01,2.75
2021-01-01,1.6
2021-04-01,1.04
2021-07-01,-0.27
2021-10-01,0.59
2022-01-01,1.15
2022-04-01,0.26
2022-07-01,-0.35
2022-10-01,-0.04
2023-01-01,1
2023-04-01,1.54
2023-07-01,0.73
2023-10-01,0.86
2024-01-01,0.79
2024-04-01,0.25
2024-07-01,0.64
2024-10-01,0.02
2025-01-01,1.32
2025-04-01,0.87
2025-07-01,0.29
2025-10-01,0.23
2026-01-01,1.07
2026-04-01,1.35
