date,series_id,value,obs_date
2026-09-10,cnn_fg,33.11,2026-09-10
2026-09-10,nasdaq_rsi,46.93,2026-09-10
2026-09-10,spx_rsi,43.78,2026-09-10
2026-09-11,cnn_fg,33.34,2026-09-11
2026-09-11,nasdaq_rsi,51.82,2026-09-11
2026-09-11,spx_rsi,49.99,2026-09-11
2026-09-11,vix,15.84,2026-09-11
2026-09-13,cnn_fg,33.34,2026-09-11
2026-09-13,nasdaq_rsi,51.82,2026-09-11
2026-09-13,spx_rsi,49.99,2026-09-11
2026-09-13,vix,15.84,2026-09-11
2026-09-14,cnn_fg,31.06,2026-09-14
2026-09-14,nasdaq_rsi,48.99,2026-09-14
2026-09-14,spx_rsi,46.84,2026-09-14
2026-09-14,vix,17.1,2026-09-14
2026-09-15,cnn_fg,28.66,2026-09-15
2026-09-15,nasdaq_rsi,45.27,2026-09-15
2026-09-15,spx_rsi,44.07,2026-09-15
2026-09-15,vix,17.2,2026-09-15
2026-09-16,cnn_fg,26.49,2026-09-16
2026-09-16,nasdaq_rsi,45.21,2026-09-16
2026-09-16,spx_rsi,41.44,2026-09-16
2026-09-16,vix,17.71,2026-09-16
2026-09-17,cnn_fg,28.69,2026-09-17
2026-09-17,nasdaq_rsi,53.92,2026-09-17
2026-09-17,spx_rsi,49.62,2026-09-17
2026-09-17,vix,15.44,2026-09-17
2026-09-20,aaii,-24.5,2026-09-16
2026-09-20,cnn_fg,29.11,2026-09-18
2026-09-20,nasdaq_rsi,55.71,2026-09-18
2026-09-20,ndx_breadth_20,33.7,2026-09-18
2026-09-20,ndx_breadth_200,55.6,2026-09-18
2026-09-20,ndx_breadth_50,32.7,2026-09-18
2026-09-20,spx_breadth_20,20.3,2026-09-18
2026-09-20,spx_breadth_200,53.1,2026-09-18
2026-09-20,spx_breadth_50,29.2,2026-09-18
2026-09-20,spx_rsi,50.7,2026-09-18
2026-09-20,vix,14.81,2026-09-18
2026-09-21,aaii,-24.5,2026-09-16
2026-09-21,cnn_fg,33.71,2026-09-21
2026-09-21,nasdaq_rsi,64.33,2026-09-21
2026-09-21,ndx_breadth_20,34.0,2026-09-18
2026-09-21,ndx_breadth_200,56.1,2026-09-18
2026-09-21,ndx_breadth_50,33.0,2026-09-18
2026-09-21,spx_breadth_20,20.4,2026-09-18
2026-09-21,spx_breadth_200,53.1,2026-09-18
2026-09-21,spx_breadth_50,29.3,2026-09-18
2026-09-21,spx_rsi,59.28,2026-09-21
2026-09-21,vix,14.87,2026-09-21
2026-09-22,aaii,-24.5,2026-09-16
2026-09-22,cnn_fg,35.26,2026-09-22
2026-09-22,nasdaq_rsi,65.79,2026-09-22
2026-09-22,ndx_breadth_20,48.5,2026-09-21
2026-09-22,ndx_breadth_200,56.6,2026-09-21
2026-09-22,ndx_breadth_50,39.6,2026-09-21
2026-09-22,spx_breadth_20,26.6,2026-09-21
2026-09-22,spx_breadth_200,52.9,2026-09-21
2026-09-22,spx_breadth_50,31.2,2026-09-21
2026-09-22,spx_rsi,59.27,2026-09-22
2026-09-22,vix,14.21,2026-09-22
2026-09-23,aaii,-24.5,2026-09-16
2026-09-23,cnn_fg,34.69,2026-09-23
2026-09-23,nasdaq_rsi,60.41,2026-09-23
2026-09-23,spx_rsi,54.08,2026-09-23
2026-09-23,vix,15.18,2026-09-23
2026-09-24,aaii,-15.4,2026-09-23
2026-09-24,cnn_fg,36.11,2026-09-24
2026-09-24,nasdaq_rsi,60.44,2026-09-24
2026-09-24,spx_rsi,53.9,2026-09-24
2026-09-24,vix,15.67,2026-09-24
2026-09-26,aaii,-15.4,2026-09-23
2026-09-26,cnn_fg,37.0,2026-09-25
2026-09-26,nasdaq_rsi,61.13,2026-09-25
2026-09-26,ndx_breadth_20,54.5,2026-09-25
2026-09-26,ndx_breadth_200,59.6,2026-09-25
2026-09-26,ndx_breadth_50,46.5,2026-09-25
2026-09-26,spx_breadth_20,30.2,2026-09-25
2026-09-26,spx_breadth_200,49.1,2026-09-25
2026-09-26,spx_breadth_50,27.4,2026-09-25
2026-09-26,spx_rsi,56.68,2026-09-25
2026-09-26,vix,14.87,2026-09-25
2026-09-27,aaii,-15.4,2026-09-23
2026-09-27,cnn_fg,37.0,2026-09-25
2026-09-27,nasdaq_rsi,61.13,2026-09-25
2026-09-27,ndx_breadth_20,54.5,2026-09-25
2026-09-27,ndx_breadth_200,59.6,2026-09-25
2026-09-27,ndx_breadth_50,46.5,2026-09-25
2026-09-27,spx_breadth_20,30.2,2026-09-25
2026-09-27,spx_breadth_200,49.1,2026-09-25
2026-09-27,spx_breadth_50,27.4,2026-09-25
2026-09-27,spx_rsi,56.68,2026-09-25
2026-09-27,vix,14.87,2026-09-25
2026-09-28,aaii,-15.4,2026-09-23
2026-09-28,cnn_fg,33.94,2026-09-28
2026-09-28,nasdaq_rsi,55.81,2026-09-28
2026-09-28,ndx_breadth_20,55.4,2026-09-28
2026-09-28,ndx_breadth_200,57.6,2026-09-28
2026-09-28,ndx_breadth_50,46.5,2026-09-28
2026-09-28,spx_breadth_20,29.6,2026-09-28
2026-09-28,spx_breadth_200,47.9,2026-09-28
2026-09-28,spx_breadth_50,25.0,2026-09-28
2026-09-28,spx_rsi,51.05,2026-09-28
2026-09-28,vix,16.07,2026-09-28
