date,dim,name,from,to,head,trigger
2026-09-28,ai_demand,AI 需求,,扩张,用量：OpenRouter 最近 30 天 token 543T，较前 30 天 +53.0%（高于 20% 偏强，低于 0% 偏弱）；预期：英伟达、台积电、博通 下财年 EPS 30 天平均修正 +6.39%（±2% 为明显上修/下修）,开始记录
2026-09-28,trad_demand,传统需求,,扩张,订单：美国计算机与电子产品新订单 3 个月同比 +16.1%（高于 5% 偏强，低于 0% 偏弱）；手机与成熟制程：联发科 + 联电近 3 个月营收同比 +20.0%（高于 10% 偏强，低于 0% 偏弱）；预期：高通、英特尔 下财年 EPS 30 天平均修正 +0.41%,开始记录
2026-09-28,inventory,库存周期,,主动补库,阶段：美国计算机与电子产品出货 3 个月同比 +8.5%、库存 +2.1%：需求好、厂商在补库存（繁荣）；领先信号：出货比库存快 6.5 个百分点，库存压力在减轻（> 0 偏紧，< 0 偏松）,开始记录
2026-09-28,price,价格,,企稳,DRAM 现货：DDR5/DDR4 平均 7 天 +0.3%（±2% 为涨跌）；历史不足 30 天，暂用 7 天变化；NAND：TLC wafer 现货 7 天 -0.3%（参考）；PPI：美国半导体 PPI 同比 +26.7%（参考）,开始记录
2026-09-28,capacity,产能,,数据不足,数据不足,开始记录
2026-09-28,shipments,出货确认,,走强,韩国出口：2026-09 前 20 日 芯片出口同比 +259.4%（高于 10% 偏强，低于 0% 偏弱）；台积电：近 3 个月营收同比 +54.5%（高于 15% 偏强，低于 0% 偏弱）；美国产出：半导体工业产出 3 个月同比 +12.7%（高于 5% 偏强，低于 0% 偏弱）,开始记录
2026-09-28,overall,整体景气,,景气上行,景气上行：AI 算力与传统芯片方向一致,开始记录
2026-09-28,capacity,产能,数据不足,扩张,设备：应用材料、泛林、科磊 2026Q2 营收合计同比 +24.6%（高于 10% 偏强，低于 0% 偏弱）；利用率：美国半导体产能利用率 73.9%（≥ 80% 偏紧，< 70% 偏松；参考）,存储现货（每日笔记） 更新到 2026-09-27；GPU 租金（每日笔记） 更新到 2026-09-27；OpenRouter 用量（每日笔记） 更新到 2026-09-27；SiliconData token 价格（每日笔记） 更新到 2026-09-26；韩国芯片出口（每日笔记） 更新到 2026-09；EPS 修正（盈利笔记） 更新到 2026-09-27；日历（旧站） 更新到 2026-09-28
2026-09-28,overall,整体景气,景气上行,温和扩张,温和扩张：AI 算力与传统芯片方向一致,存储现货（每日笔记） 更新到 2026-09-27；GPU 租金（每日笔记） 更新到 2026-09-27；OpenRouter 用量（每日笔记） 更新到 2026-09-27；SiliconData token 价格（每日笔记） 更新到 2026-09-26；韩国芯片出口（每日笔记） 更新到 2026-09；EPS 修正（盈利笔记） 更新到 2026-09-27；日历（旧站） 更新到 2026-09-28
