release_at,title,impact,forecast,previous,first_seen,last_seen
2026-09-29T10:00:00-04:00,CB Consumer Confidence,Medium,90.1,89.4,2026-09-28T02:37:53Z,2026-09-28T06:03:31Z
2026-09-29T10:00:00-04:00,JOLTS Job Openings,Medium,7.23M,7.27M,2026-09-28T02:37:53Z,2026-09-28T06:03:31Z
2026-09-30T08:15:00-04:00,ADP Non-Farm Employment Change,Medium,70K,38K,2026-09-28T02:37:53Z,2026-09-28T06:03:31Z
2026-09-30T08:30:00-04:00,Core PCE Price Index m/m,High,0.3%,0.2%,2026-09-28T02:37:53Z,2026-09-28T06:03:31Z
2026-09-30T08:30:00-04:00,Final GDP Price Index q/q,Medium,6.4%,6.4%,2026-09-28T02:37:53Z,2026-09-28T06:03:31Z
2026-09-30T08:30:00-04:00,Final GDP q/q,High,1.5%,1.5%,2026-09-28T02:37:53Z,2026-09-28T06:03:31Z
2026-10-01T08:30:00-04:00,Unemployment Claims,Medium,199K,197K,2026-09-28T02:37:53Z,2026-09-28T06:03:31Z
2026-10-01T10:00:00-04:00,FOMC Member Waller Speaks,Medium,,,2026-09-28T02:37:53Z,2026-09-28T06:03:31Z
2026-10-01T10:00:00-04:00,ISM Manufacturing PMI,Medium,55.0,54.6,2026-09-28T02:37:53Z,2026-09-28T06:03:31Z
2026-10-02T08:30:00-04:00,Average Hourly Earnings m/m,High,0.3%,0.3%,2026-09-28T02:37:53Z,2026-09-28T06:03:31Z
2026-10-02T08:30:00-04:00,Non-Farm Employment Change,High,98K,162K,2026-09-28T02:37:53Z,2026-09-28T06:03:31Z
2026-10-02T08:30:00-04:00,Unemployment Rate,High,4.1%,4.1%,2026-09-28T02:37:53Z,2026-09-28T06:03:31Z
