period,measure,nowcast,actual,fetched_at
2026-7,CPI,3.41865491219704,3.3648250414799,2026-09-28T03:14:11Z
2026-7,PCE,3.65084911929741,3.70116572148709,2026-09-28T03:14:11Z
2026-7,核心 CPI,2.52318470411008,2.47826615599731,2026-09-28T03:14:11Z
2026-7,核心 PCE,3.28881495215323,3.34414300403383,2026-09-28T03:14:11Z
2026-8,CPI,3.37583994813757,3.39654789243649,2026-09-28T03:14:11Z
2026-8,PCE,3.78443827980446,,2026-09-28T03:14:11Z
2026-8,核心 CPI,2.38356235342767,2.44597993757008,2026-09-28T03:14:11Z
2026-8,核心 PCE,3.39547146736592,,2026-09-28T03:14:11Z
2026-9,CPI,3.56876137070461,,2026-09-28T03:14:11Z
2026-9,PCE,3.9704714004718,,2026-09-28T03:14:11Z
2026-9,核心 CPI,2.39023925044117,,2026-09-28T03:14:11Z
2026-9,核心 PCE,3.48760844248255,,2026-09-28T03:14:11Z
