period,code,name,revenue,revenue_ly
2019-01,2303,联电,11795477.0,13175662.0
2019-01,2330,台积电,78093827.0,79740672.0
2019-01,2344,华邦电,3876792.0,4145678.0
2019-01,2382,广达,84925212.0,84784358.0
2019-01,2408,南亚科,4258227.0,6147637.0
2019-01,2454,联发科,16242046.0,16835151.0
2019-01,3037,欣兴,6154166.0,6176269.0
2019-01,3711,日月光投控,33055773.0,0.0
2019-01,6669,纬颖,15242621.0,11910254.0
2019-02,2303,联电,10461743.0,11909283.0
2019-02,2330,台积电,60889055.0,64640562.0
2019-02,2344,华邦电,3275804.0,3828924.0
2019-02,2382,广达,62862271.0,64293676.0
2019-02,2408,南亚科,3394786.0,5927141.0
2019-02,2454,联发科,14161182.0,12708432.0
2019-02,3037,欣兴,5160203.0,4943313.0
2019-02,3711,日月光投控,26239644.0,0.0
2019-02,6669,纬颖,11155782.0,10478056.0
2019-03,2303,联电,10325739.0,12412192.0
2019-03,2330,台积电,79721587.0,103697437.0
2019-03,2344,华邦电,3734172.0,4181581.0
2019-03,2382,广达,73542812.0,71849616.0
2019-03,2408,南亚科,3718792.0,6722661.0
2019-03,2454,联发科,22318664.0,20110404.0
2019-03,3037,欣兴,5958509.0,5441602.0
2019-03,3711,日月光投控,29566029.0,0.0
2019-03,6669,纬颖,12037937.0,17163987.0
2019-04,2303,联电,12082275.0,12411996.0
2019-04,2330,台积电,74693615.0,81869781.0
2019-04,2344,华邦电,3903846.0,4488725.0
2019-04,2382,广达,78126788.0,69242981.0
2019-04,2408,南亚科,4110913.0,7680634.0
2019-04,2454,联发科,21553235.0,19014978.0
2019-04,3037,欣兴,6323970.0,5674671.0
2019-04,3711,日月光投控,29051464.0,0.0
2019-04,6669,纬颖,12288106.0,15985847.0
2019-05,2303,联电,12242267.0,13075480.0
2019-05,2330,台积电,80436931.0,80968732.0
2019-05,2344,华邦电,4012937.0,4489086.0
2019-05,2382,广达,88677935.0,73233165.0
2019-05,2408,南亚科,4244222.0,8326045.0
2019-05,2454,联发科,19120819.0,20406052.0
2019-05,3037,欣兴,6873638.0,5600348.0
2019-05,3711,日月光投控,30118129.0,30981596.0
2019-05,6669,纬颖,13505690.0,16299306.0
2019-06,2303,联电,11706642.0,13364101.0
2019-06,2330,台积电,85867929.0,70438298.0
2019-06,2344,华邦电,4094886.0,4507412.0
2019-06,2382,广达,78935998.0,65750707.0
2019-06,2408,南亚科,4085655.0,8585538.0
2019-06,2454,联发科,20893052.0,21060302.0
2019-06,3037,欣兴,6543502.0,6029328.0
2019-06,3711,日月光投控,31571316.0,31033826.0
2019-06,6669,纬颖,16469428.0,14082248.0
2019-07,2303,联电,13728148.0,14349944.0
2019-07,2330,台积电,84757724.0,74370924.0
2019-07,2344,华邦电,4327483.0,4597513.0
2019-07,2382,广达,82994433.0,89646221.0
2019-07,2408,南亚科,4575989.0,8162217.0
2019-07,2454,联发科,20687841.0,20423891.0
2019-07,3037,欣兴,7204068.0,6786233.0
2019-07,3711,日月光投控,36376356.0,32736056.0
2019-07,6669,纬颖,11268041.0,12198020.0
2019-08,2303,联电,13184069.0,13180907.0
2019-08,2330,台积电,106117619.0,91055038.0
2019-08,2344,华邦电,4463022.0,4764276.0
2019-08,2382,广达,91868918.0,99320156.0
2019-08,2408,南亚科,5222016.0,8233012.0
2019-08,2454,联发科,23043007.0,23502372.0
2019-08,3037,欣兴,7966058.0,7380830.0
2019-08,3711,日月光投控,40039028.0,35585341.0
2019-08,6669,纬颖,11007754.0,16986462.0
2019-09,2303,联电,10826223.0,11855805.0
2019-09,2330,台积电,102170096.0,94921920.0
2019-09,2344,华邦电,4629824.0,4318864.0
2019-09,2382,广达,90278563.0,93185972.0
2019-09,2408,南亚科,5001349.0,7979357.0
2019-09,2454,联发科,23493506.0,23103883.0
2019-09,3037,欣兴,7778986.0,7219988.0
2019-09,3711,日月光投控,41141924.0,39275883.0
2019-09,6669,纬颖,11265910.0,19336348.0
2019-10,2303,联电,14587122.0,12577408.0
2019-10,2330,台积电,106039531.0,101550181.0
2019-10,2344,华邦电,4321150.0,4155215.0
2019-10,2382,广达,95753560.0,103206520.0
2019-10,2408,南亚科,4522071.0,6725607.0
2019-10,2454,联发科,22002624.0,20835525.0
2019-10,3037,欣兴,7829826.0,7559384.0
2019-10,3711,日月光投控,38784584.0,39138605.0
2019-10,6669,纬颖,15488010.0,16692443.0
2019-11,2303,联电,13891904.0,11554518.0
2019-11,2330,台积电,107884396.0,98389414.0
2019-11,2344,华邦电,4057424.0,4021231.0
2019-11,2382,广达,108749736.0,110820014.0
2019-11,2408,南亚科,4262907.0,5402984.0
2019-11,2454,联发科,20616426.0,18669239.0
2019-11,3037,欣兴,7519177.0,7100317.0
2019-11,3711,日月光投控,38456363.0,37945671.0
2019-11,6669,纬颖,15697738.0,12876772.0
2019-12,2303,联电,13370032.0,11385275.0
2019-12,2330,台积电,103313138.0,89830598.0
2019-12,2344,华邦电,4074094.0,3691818.0
2019-12,2382,广达,92881861.0,102657652.0
2019-12,2408,南亚科,4330531.0,4828971.0
2019-12,2454,联发科,22089329.0,21387117.0
2019-12,3037,欣兴,7223450.0,5820497.0
2019-12,3711,日月光投控,38781574.0,36944079.0
2019-12,6669,纬颖,18368631.0,17055071.0
2020-01,2303,联电,14091018.0,11795477.0
2020-01,2330,台积电,103683135.0,78093827.0
2020-01,2344,华邦电,3682717.0,3876792.0
2020-01,2382,广达,62958366.0,84925212.0
2020-01,2408,南亚科,4500238.0,4258227.0
2020-01,2454,联发科,19817777.0,16242046.0
2020-01,3037,欣兴,6806543.0,6154166.0
2020-01,3711,日月光投控,31337455.0,33055773.0
2020-01,6669,纬颖,12421637.0,15242621.0
2020-02,2303,联电,13606421.0,10461743.0
2020-02,2330,台积电,93394449.0,60889055.0
2020-02,2344,华邦电,3725519.0,3275804.0
2020-02,2382,广达,49194067.0,62862271.0
2020-02,2408,南亚科,4563039.0,3394786.0
2020-02,2454,联发科,18220837.0,14161182.0
2020-02,3037,欣兴,6230713.0,5160203.0
2020-02,3711,日月光投控,28135554.0,26239644.0
2020-02,6669,纬颖,11857759.0,11155782.0
2020-03,2303,联电,14570408.0,10325739.0
2020-03,2330,台积电,113519599.0,79721587.0
2020-03,2344,华邦电,4140767.0,3734172.0
2020-03,2382,广达,78111605.0,73542812.0
2020-03,2408,南亚科,5355593.0,3718792.0
2020-03,2454,联发科,22824361.0,22318664.0
2020-03,3037,欣兴,7530036.0,5958509.0
2020-03,3711,日月光投控,37884146.0,29566029.0
2020-03,6669,纬颖,10869031.0,12037937.0
2020-04,2303,联电,15059189.0,12082275.0
2020-04,2330,台积电,96001572.0,74693615.0
2020-04,2344,华邦电,4348589.0,3903846.0
2020-04,2382,广达,83397185.0,78126788.0
2020-04,2408,南亚科,5619678.0,4110913.0
2020-04,2454,联发科,20545910.0,21553235.0
2020-04,3037,欣兴,7309384.0,6323970.0
2020-04,3711,日月光投控,35303249.0,29051464.0
2020-04,6669,纬颖,13208168.0,12288106.0
2020-05,2303,联电,14745577.0,12242267.0
2020-05,2330,台积电,93819010.0,80436931.0
2020-05,2344,华邦电,4273412.0,4012937.0
2020-05,2382,广达,93347803.0,88677935.0
2020-05,2408,南亚科,5549926.0,4244222.0
2020-05,2454,联发科,21777663.0,19120819.0
2020-05,3037,欣兴,7382381.0,6873638.0
2020-05,3711,日月光投控,35788001.0,30118129.0
2020-05,6669,纬颖,16461603.0,13505690.0
2020-06,2303,联电,14581494.0,11706642.0
2020-06,2330,台积电,120877785.0,85867929.0
2020-06,2344,华邦电,4130594.0,4094886.0
2020-06,2382,广达,93471203.0,78935998.0
2020-06,2408,南亚科,5319753.0,4085655.0
2020-06,2454,联发科,25279480.0,20893052.0
2020-06,3037,欣兴,7018232.0,6543502.0
2020-06,3711,日月光投控,36457523.0,31571316.0
2020-06,6669,纬颖,22401161.0,16469428.0
2020-07,2303,联电,15494823.0,13728148.0
2020-07,2330,台积电,105963468.0,84757724.0
2020-07,2344,华邦电,4124163.0,4327483.0
2020-07,2382,广达,108927559.0,82994433.0
2020-07,2408,南亚科,4906905.0,4575989.0
2020-07,2454,联发科,26692397.0,20687841.0
2020-07,3037,欣兴,7635849.0,7204068.0
2020-07,3711,日月光投控,37325504.0,36376356.0
2020-07,6669,纬颖,15609333.0,11268041.0
2020-08,2303,联电,14841818.0,13184069.0
2020-08,2330,台积电,122878244.0,106117619.0
2020-08,2344,华邦电,4432501.0,4463022.0
2020-08,2382,广达,106045918.0,91868918.0
2020-08,2408,南亚科,4870327.0,5222016.0
2020-08,2454,联发科,32716126.0,23043007.0
2020-08,3037,欣兴,7478052.0,7966058.0
2020-08,3711,日月光投控,41944147.0,40039028.0
2020-08,6669,纬颖,14782687.0,11007754.0
2020-09,2303,联电,14533813.0,10826223.0
2020-09,2330,台积电,127584492.0,102170096.0
2020-09,2344,华邦电,7477057.0,4629824.0
2020-09,2382,广达,112374677.0,90278563.0
2020-09,2408,南亚科,5546635.0,5001349.0
2020-09,2454,联发科,37866211.0,23493506.0
2020-09,3037,欣兴,7924868.0,7778986.0
2020-09,3711,日月光投控,43925748.0,41141924.0
2020-09,6669,纬颖,16813564.0,11070685.0
2020-10,2303,联电,15282825.0,14587122.0
2020-10,2330,台积电,119302707.0,106039531.0
2020-10,2344,华邦电,6864511.0,4321150.0
2020-10,2382,广达,90339020.0,95753560.0
2020-10,2408,南亚科,4798034.0,4522071.0
2020-10,2454,联发科,30438836.0,22002624.0
2020-10,3037,欣兴,7936563.0,7829826.0
2020-10,3711,日月光投控,47914576.0,38784584.0
2020-10,6669,纬颖,19827765.0,15488010.0
2020-11,2303,联电,14725559.0,13891904.0
2020-11,2330,台积电,124865438.0,107884396.0
2020-11,2344,华邦电,6675073.0,4057424.0
2020-11,2382,广达,102876360.0,108749736.0
2020-11,2408,南亚科,4898221.0,4262907.0
2020-11,2454,联发科,33537766.0,20616426.0
2020-11,3037,欣兴,7248783.0,7519177.0
2020-11,3711,日月光投控,50664618.0,38456363.0
2020-11,6669,纬颖,17307428.0,15697738.0
2020-12,2303,联电,15287969.0,13370032.0
2020-12,2330,台积电,117364912.0,103313138.0
2020-12,2344,华邦电,6808268.0,4074094.0
2020-12,2382,广达,109820328.0,92881861.0
2020-12,2408,南亚科,5077165.0,4330531.0
2020-12,2454,联发科,32428624.0,22089329.0
2020-12,3037,欣兴,7391417.0,7223450.0
2020-12,3711,日月光投控,50298189.0,38781574.0
2020-12,6669,纬颖,15378815.0,18368631.0
2021-01,2303,联电,15529559.0,14091018.0
2021-01,2330,台积电,126749152.0,103683135.0
2021-01,2344,华邦电,6903387.0,3682717.0
2021-01,2382,广达,94354473.0,62958366.0
2021-01,2408,南亚科,5532161.0,4500238.0
2021-01,2454,联发科,35333330.0,19817777.0
2021-01,3037,欣兴,7448265.0,6806543.0
2021-01,3711,日月光投控,40847914.0,31337455.0
2021-01,6669,纬颖,12324604.0,12421637.0
2021-02,2303,联电,14947898.0,13606421.0
2021-02,2330,台积电,106533690.0,93394449.0
2021-02,2344,华邦电,6454634.0,3725519.0
2021-02,2382,广达,80146858.0,49194067.0
2021-02,2408,南亚科,5790836.0,4563039.0
2021-02,2454,联发科,32552975.0,18220837.0
2021-02,3037,欣兴,6612569.0,6230713.0
2021-02,3711,日月光投控,36620343.0,28135554.0
2021-02,6669,纬颖,11621199.0,11857759.0
2021-03,2303,联电,16619555.0,14570408.0
2021-03,2330,台积电,129127388.0,113519599.0
2021-03,2344,华邦电,7967337.0,4140767.0
2021-03,2382,广达,94452281.0,78111605.0
2021-03,2408,南亚科,6407616.0,5355593.0
2021-03,2454,联发科,40146677.0,22824361.0
2021-03,3037,欣兴,7762344.0,7530036.0
2021-03,3711,日月光投控,42001527.0,37884146.0
2021-03,6669,纬颖,15340839.0,10857728.0
2021-04,2303,联电,16382058.0,15059189.0
2021-04,2330,台积电,111314794.0,96001572.0
2021-04,2344,华邦电,8304909.0,4348589.0
2021-04,2382,广达,84836851.0,83397185.0
2021-04,2408,南亚科,7394273.0,5619678.0
2021-04,2454,联发科,36571590.0,20545910.0
2021-04,3037,欣兴,7866654.0,7309384.0
2021-04,3711,日月光投控,41333449.0,35303249.0
2021-04,6669,纬颖,16616629.0,13208168.0
2021-05,2303,联电,17189070.0,14745577.0
2021-05,2330,台积电,112359668.0,93819010.0
2021-05,2344,华邦电,8207005.0,4273412.0
2021-05,2382,广达,85052076.0,93347803.0
2021-05,2408,南亚科,7604264.0,5549926.0
2021-05,2454,联发科,41325915.0,21777663.0
2021-05,3037,欣兴,8025993.0,7382381.0
2021-05,3711,日月光投控,42267016.0,35788001.0
2021-05,6669,纬颖,16411547.0,16461603.0
2021-06,2303,联电,17336613.0,14581494.0
2021-06,2330,台积电,148470660.0,120877785.0
2021-06,2344,华邦电,8722245.0,4130594.0
2021-06,2382,广达,90388641.0,93471203.0
2021-06,2408,南亚科,7638931.0,5319753.0
2021-06,2454,联发科,47755898.0,25279480.0
2021-06,3037,欣兴,8138026.0,7018232.0
2021-06,3711,日月光投控,43325882.0,36457523.0
2021-06,6669,纬颖,18168341.0,22401161.0
2021-07,2303,联电,18366122.0,15494823.0
2021-07,2330,台积电,124557799.0,105963468.0
2021-07,2344,华邦电,9089871.0,4124163.0
2021-07,2382,广达,94756709.0,108927559.0
2021-07,2408,南亚科,7950469.0,4906905.0
2021-07,2454,联发科,40359813.0,26692397.0
2021-07,3037,欣兴,9118304.0,7635849.0
2021-07,3711,日月光投控,46479676.0,37325504.0
2021-07,6669,纬颖,14165345.0,15609333.0
2021-08,2303,联电,18789991.0,14841818.0
2021-08,2330,台积电,137427162.0,122878244.0
2021-08,2344,华邦电,8816083.0,4432501.0
2021-08,2382,广达,84717518.0,106045918.0
2021-08,2408,南亚科,8209899.0,4870327.0
2021-08,2454,联发科,42808189.0,32716126.0
2021-08,3037,欣兴,9571010.0,7478052.0
2021-08,3711,日月光投控,50449730.0,41944147.0
2021-08,6669,纬颖,14352012.0,14782687.0
2021-09,2303,联电,18750564.0,14533813.0
2021-09,2330,台积电,152685418.0,127584492.0
2021-09,2344,华邦电,9108776.0,7477057.0
2021-09,2382,广达,82114318.0,112374677.0
2021-09,2408,南亚科,7676760.0,5546635.0
2021-09,2454,联发科,47906318.0,37866211.0
2021-09,3037,欣兴,9455287.0,7924868.0
2021-09,3711,日月光投控,53735410.0,43925748.0
2021-09,6669,纬颖,16746468.0,16813564.0
2021-10,2303,联电,19158585.0,15282825.0
2021-10,2330,台积电,134539477.0,119302707.0
2021-10,2344,华邦电,8829275.0,6864511.0
2021-10,2382,广达,100643704.0,90339020.0
2021-10,2408,南亚科,7205480.0,4798034.0
2021-10,2454,联发科,37412195.0,30438836.0
2021-10,3037,欣兴,10049041.0,7936563.0
2021-10,3711,日月光投控,52748353.0,47914576.0
2021-10,6669,纬颖,14702459.0,19827765.0
2021-11,2303,联电,19661423.0,14725559.0
2021-11,2330,台积电,148267599.0,124865438.0
2021-11,2344,华邦电,8559401.0,6675073.0
2021-11,2382,广达,113245197.0,102876360.0
2021-11,2408,南亚科,7256877.0,4898221.0
2021-11,2454,联发科,45039216.0,33537766.0
2021-11,3037,欣兴,10275831.0,7248783.0
2021-11,3711,日月光投控,60522891.0,50664618.0
2021-11,6669,纬颖,20549549.0,17307428.0
2021-12,2303,联电,20279580.0,15287969.0
2021-12,2330,台积电,155382230.0,117364912.0
2021-12,2344,华邦电,8607001.0,6808268.0
2021-12,2382,广达,124746019.0,109820328.0
2021-12,2408,南亚科,6936592.0,5077165.0
2021-12,2454,联发科,46202466.0,32428624.0
2021-12,3037,欣兴,10239423.0,7391417.0
2021-12,3711,日月光投控,59664942.0,50298189.0
2021-12,6669,纬颖,21626949.0,15378815.0
2022-01,2303,联电,20472766.0,15529559.0
2022-01,2330,台积电,172176110.0,126749152.0
2022-01,2344,华邦电,8690488.0,6903387.0
2022-01,2382,广达,100800443.0,94354473.0
2022-01,2408,南亚科,6772211.0,5532161.0
2022-01,2454,联发科,43502342.0,35333330.0
2022-01,3037,欣兴,10477001.0,7448265.0
2022-01,3711,日月光投控,48573947.0,40847914.0
2022-01,6669,纬颖,12704870.0,12324604.0
2022-02,2303,联电,20809602.0,14947898.0
2022-02,2330,台积电,146933238.0,106533690.0
2022-02,2344,华邦电,8606056.0,6454634.0
2022-02,2382,广达,90692342.0,80146858.0
2022-02,2408,南亚科,6433273.0,5790836.0
2022-02,2454,联发科,40028948.0,32552975.0
2022-02,3037,欣兴,9553281.0,6612569.0
2022-02,3711,日月光投控,43830549.0,36620343.0
2022-02,6669,纬颖,13719131.0,11621199.0
2022-03,2303,联电,22140452.0,16619555.0
2022-03,2330,台积电,171966525.0,129127388.0
2022-03,2344,华邦电,9217307.0,7967337.0
2022-03,2382,广达,110288470.0,94452281.0
2022-03,2408,南亚科,6740841.0,6407616.0
2022-03,2454,联发科,59179559.0,40146677.0
2022-03,3037,欣兴,10680711.0,7762344.0
2022-03,3711,日月光投控,51986331.0,42001527.0
2022-03,6669,纬颖,24281416.0,15340839.0
2022-04,2303,联电,22796461.0,16382058.0
2022-04,2330,台积电,172561382.0,111314794.0
2022-04,2344,华邦电,8923615.0,8304909.0
2022-04,2382,广达,66728103.0,84836851.0
2022-04,2408,南亚科,6598295.0,7394273.0
2022-04,2454,联发科,52624634.0,36571590.0
2022-04,3037,欣兴,11157451.0,7866654.0
2022-04,3711,日月光投控,48642595.0,41333449.0
2022-04,6669,纬颖,19912809.0,16616629.0
2022-05,2303,联电,24433030.0,17189070.0
2022-05,2330,台积电,185705425.0,112359668.0
2022-05,2344,华邦电,8820001.0,8207005.0
2022-05,2382,广达,79955154.0,85052076.0
2022-05,2408,南亚科,6197459.0,7604264.0
2022-05,2454,联发科,52076120.0,41325915.0
2022-05,3037,欣兴,12155699.0,8025993.0
2022-05,3711,日月光投控,53798666.0,42267016.0
2022-05,6669,纬颖,20240386.0,16411547.0
2022-06,2303,联电,24825649.0,17336613.0
2022-06,2330,台积电,175874001.0,148470660.0
2022-06,2344,华邦电,8903080.0,8722245.0
2022-06,2382,广达,123784105.0,90388641.0
2022-06,2408,南亚科,5234918.0,7638931.0
2022-06,2454,联发科,51029067.0,47755898.0
2022-06,3037,欣兴,12321838.0,8138026.0
2022-06,3711,日月光投控,57997759.0,43325882.0
2022-06,6669,纬颖,34904029.0,18168341.0
2022-07,2303,联电,24826685.0,18366122.0
2022-07,2330,台积电,186762689.0,124557799.0
2022-07,2344,华邦电,7390832.0,9089871.0
2022-07,2382,广达,129459679.0,94756709.0
2022-07,2408,南亚科,4396393.0,7950469.0
2022-07,2454,联发科,40890418.0,40359813.0
2022-07,3037,欣兴,11779291.0,9118304.0
2022-07,3711,日月光投控,58167105.0,46479676.0
2022-07,6669,纬颖,21822682.0,14165345.0
2022-08,2303,联电,25346076.0,18789991.0
2022-08,2330,台积电,218132391.0,137427162.0
2022-08,2344,华邦电,7402743.0,8816083.0
2022-08,2382,广达,131869030.0,84717518.0
2022-08,2408,南亚科,3419118.0,8209899.0
2022-08,2454,联发科,44699654.0,42808189.0
2022-08,3037,欣兴,12131465.0,9571010.0
2022-08,3711,日月光投控,63806883.0,50449730.0
2022-08,6669,纬颖,26368154.0,14352012.0
2022-09,2303,联电,25218828.0,18750564.0
2022-09,2330,台积电,208247663.0,152685418.0
2022-09,2344,华邦电,7351855.0,9108776.0
2022-09,2382,广达,120746508.0,82114318.0
2022-09,2408,南亚科,3206214.0,7676760.0
2022-09,2454,联发科,56571204.0,47906318.0
2022-09,3037,欣兴,13542749.0,9455287.0
2022-09,3711,日月光投控,66651569.0,53735410.0
2022-09,6669,纬颖,31483162.0,16746468.0
2022-10,2303,联电,24344264.0,19158585.0
2022-10,2330,台积电,210265633.0,134539477.0
2022-10,2344,华邦电,6226159.0,8829275.0
2022-10,2382,广达,108790516.0,100643704.0
2022-10,2408,南亚科,2782167.0,7205480.0
2022-10,2454,联发科,33384225.0,37412195.0
2022-10,3037,欣兴,13375688.0,10049041.0
2022-10,3711,日月光投控,64171459.0,52748353.0
2022-10,6669,纬颖,23467573.0,14702459.0
2022-11,2303,联电,22545442.0,19661423.0
2022-11,2330,台积电,222705993.0,148267599.0
2022-11,2344,华邦电,6519979.0,8559401.0
2022-11,2382,广达,112096960.0,113245197.0
2022-11,2408,南亚科,2771137.0,7256877.0
2022-11,2454,联发科,36124647.0,45039216.0
2022-11,3037,欣兴,12663834.0,10275831.0
2022-11,3711,日月光投控,60106891.0,60522891.0
2022-11,6669,纬颖,33455853.0,20549549.0
2022-12,2303,联电,20946009.0,20279580.0
2022-12,2330,台积电,192560242.0,155382230.0
2022-12,2344,华邦电,6477675.0,8607001.0
2022-12,2382,广达,106329239.0,124746019.0
2022-12,2408,南亚科,2400249.0,6936592.0
2022-12,2454,联发科,38685212.0,46202466.0
2022-12,3037,欣兴,10650164.0,10239423.0
2022-12,3711,日月光投控,53138889.0,59664942.0
2022-12,6669,纬颖,30515973.0,21626949.0
2023-01,2303,联电,19589515.0,20472766.0
2023-01,2330,台积电,200050544.0,172176110.0
2023-01,2344,华邦电,4885570.0,8690488.0
2023-01,2382,广达,90070736.0,100800443.0
2023-01,2408,南亚科,2251364.0,6772211.0
2023-01,2454,联发科,22383397.0,43502342.0
2023-01,3037,欣兴,9830489.0,10477001.0
2023-01,3711,日月光投控,45131358.0,48573947.0
2023-01,6669,纬颖,16417154.0,12704870.0
2023-02,2303,联电,16931079.0,20809602.0
2023-02,2330,台积电,163174097.0,146933238.0
2023-02,2344,华邦电,5746016.0,8606056.0
2023-02,2382,广达,83351194.0,90692342.0
2023-02,2408,南亚科,2026426.0,6433273.0
2023-02,2454,联发科,30309642.0,40028948.0
2023-02,3037,欣兴,8071853.0,9553281.0
2023-02,3711,日月光投控,39984571.0,43830549.0
2023-02,6669,纬颖,22994647.0,13719131.0
2023-03,2303,联电,17688853.0,22140452.0
2023-03,2330,台积电,145408332.0,171966525.0
2023-03,2344,华邦电,6884141.0,9217307.0
2023-03,2382,广达,92759020.0,110288470.0
2023-03,2408,南亚科,2147093.0,6740841.0
2023-03,2454,联发科,42958473.0,59179559.0
2023-03,3037,欣兴,8663864.0,10680711.0
2023-03,3711,日月光投控,45775144.0,51986331.0
2023-03,6669,纬颖,34814036.0,24281416.0
2023-04,2303,联电,18461436.0,22796461.0
2023-04,2330,台积电,147899735.0,172561382.0
2023-04,2344,华邦电,5684046.0,8923615.0
2023-04,2382,广达,77840570.0,66728103.0
2023-04,2408,南亚科,2260020.0,6598295.0
2023-04,2454,联发科,28349722.0,52624634.0
2023-04,3037,欣兴,8368776.0,11157451.0
2023-04,3711,日月光投控,43314938.0,48642595.0
2023-04,6669,纬颖,18182319.0,19912809.0
2023-05,2303,联电,18778488.0,24433030.0
2023-05,2330,台积电,176537345.0,185705425.0
2023-05,2344,华邦电,6137916.0,8820001.0
2023-05,2382,广达,77011355.0,79955154.0
2023-05,2408,南亚科,2309037.0,6197459.0
2023-05,2454,联发科,31566805.0,52076120.0
2023-05,3037,欣兴,8598334.0,12155699.0
2023-05,3711,日月光投控,46238791.0,53798666.0
2023-05,6669,纬颖,15518732.0,20240386.0
2023-06,2303,联电,19056484.0,24825649.0
2023-06,2330,台积电,156404174.0,175874001.0
2023-06,2344,华邦电,6988905.0,8903080.0
2023-06,2382,广达,90177487.0,123784105.0
2023-06,2408,南亚科,2458014.0,5234918.0
2023-06,2454,联发科,38218758.0,51029067.0
2023-06,3037,欣兴,8267797.0,12321838.0
2023-06,3711,日月光投控,46721623.0,57997759.0
2023-06,6669,纬颖,22607147.0,34904029.0
2023-07,2303,联电,19063918.0,24826685.0
2023-07,2330,台积电,177616220.0,186762689.0
2023-07,2344,华邦电,6314838.0,7390832.0
2023-07,2382,广达,86891131.0,129459679.0
2023-07,2408,南亚科,2437193.0,4396393.0
2023-07,2454,联发科,31763135.0,40890418.0
2023-07,3037,欣兴,8568959.0,11779291.0
2023-07,3711,日月光投控,48353336.0,58167105.0
2023-07,6669,纬颖,17659345.0,21822682.0
2023-08,2303,联电,18952011.0,25346076.0
2023-08,2330,台积电,188686256.0,218132391.0
2023-08,2344,华邦电,6424643.0,7402743.0
2023-08,2382,广达,101355120.0,131869030.0
2023-08,2408,南亚科,2574894.0,3419118.0
2023-08,2454,联发科,42256360.0,44699654.0
2023-08,3037,欣兴,9217841.0,12131465.0
2023-08,3711,日月光投控,52278801.0,63806883.0
2023-08,6669,纬颖,19450877.0,26368154.0
2023-09,2303,联电,19052938.0,25218828.0
2023-09,2330,台积电,180430282.0,208247663.0
2023-09,2344,华邦电,6766334.0,7351855.0
2023-09,2382,广达,98258338.0,120746508.0
2023-09,2408,南亚科,2724287.0,3206214.0
2023-09,2454,联发科,36078033.0,56571204.0
2023-09,3037,欣兴,8758856.0,13542749.0
2023-09,3711,日月光投控,53534708.0,66651569.0
2023-09,6669,纬颖,15707027.0,31483162.0
2023-10,2303,联电,19191382.0,24344264.0
2023-10,2330,台积电,243202811.0,210265633.0
2023-10,2344,华邦电,6297972.0,6226159.0
2023-10,2382,广达,91392610.0,108790516.0
2023-10,2408,南亚科,2668030.0,2782167.0
2023-10,2454,联发科,42810847.0,33384225.0
2023-10,3037,欣兴,8789447.0,13375688.0
2023-10,3711,日月光投控,56166613.0,64171459.0
2023-10,6669,纬颖,18942270.0,23467573.0
2023-11,2303,联电,18787670.0,22545442.0
2023-11,2330,台积电,206026179.0,222705993.0
2023-11,2344,华邦电,6368389.0,6519979.0
2023-11,2382,广达,103600595.0,112096960.0
2023-11,2408,南亚科,2874000.0,2771137.0
2023-11,2454,联发科,43071172.0,36124647.0
2023-11,3037,欣兴,8715320.0,12663834.0
2023-11,3711,日月光投控,54509085.0,60106891.0
2023-11,6669,纬颖,19385281.0,33455853.0
2023-12,2303,联电,16979226.0,20946009.0
2023-12,2330,台积电,176299866.0,192560242.0
2023-12,2344,华邦电,6507308.0,6477675.0
2023-12,2382,广达,92902893.0,106329239.0
2023-12,2408,南亚科,3161948.0,2400249.0
2023-12,2454,联发科,43679986.0,38685212.0
2023-12,3037,欣兴,8184615.0,10650164.0
2023-12,3711,日月光投控,49905503.0,53138889.0
2023-12,6669,纬颖,20222154.0,30515973.0
2024-01,2303,联电,19013697.0,19589515.0
2024-01,2330,台积电,215785127.0,200050544.0
2024-01,2344,华邦电,6402586.0,4885570.0
2024-01,2382,广达,72936574.0,90070736.0
2024-01,2408,南亚科,3060645.0,2251364.0
2024-01,2454,联发科,44496290.0,22383397.0
2024-01,3037,欣兴,9222048.0,9830489.0
2024-01,3711,日月光投控,47390354.0,45131358.0
2024-01,6669,纬颖,18787728.0,16417154.0
2024-02,2303,联电,17451268.0,16931079.0
2024-02,2330,台积电,181648270.0,163174097.0
2024-02,2344,华邦电,6207435.0,5746016.0
2024-02,2382,广达,84293471.0,83351194.0
2024-02,2408,南亚科,3050934.0,2026426.0
2024-02,2454,联发科,38481870.0,30309642.0
2024-02,3037,欣兴,8279814.0,8071853.0
2024-02,3711,日月光投控,39751076.0,39984571.0
2024-02,6669,纬颖,24326337.0,22994647.0
2024-03,2303,联电,18167134.0,17688853.0
2024-03,2330,台积电,195210804.0,145408332.0
2024-03,2344,华邦电,7511330.0,6884141.0
2024-03,2382,广达,101709333.0,92759020.0
2024-03,2408,南亚科,3391358.0,2147093.0
2024-03,2454,联发科,50479987.0,42958473.0
2024-03,3037,欣兴,8900957.0,8663864.0
2024-03,3711,日月光投控,45661425.0,45775144.0
2024-03,6669,纬颖,26514171.0,34814036.0
2024-04,2303,联电,19741391.0,18461436.0
2024-04,2330,台积电,236021112.0,147899735.0
2024-04,2344,华邦电,6981267.0,5684046.0
2024-04,2382,广达,97337441.0,77840570.0
2024-04,2408,南亚科,3206471.0,2260020.0
2024-04,2454,联发科,42027887.0,28349722.0
2024-04,3037,欣兴,9361971.0,8368776.0
2024-04,3711,日月光投控,45819887.0,43314938.0
2024-04,6669,纬颖,21963172.0,18182319.0
2024-05,2303,联电,19509486.0,18778488.0
2024-05,2330,台积电,229620372.0,176537345.0
2024-05,2344,华邦电,7125163.0,6137916.0
2024-05,2382,广达,101298511.0,77011355.0
2024-05,2408,南亚科,3351375.0,2309037.0
2024-05,2454,联发科,42151178.0,31566805.0
2024-05,3037,欣兴,9643831.0,8598334.0
2024-05,3711,日月光投控,47492772.0,46238791.0
2024-05,6669,纬颖,24759583.0,15518732.0
2024-06,2303,联电,17548413.0,19056484.0
2024-06,2330,台积电,207868693.0,156404174.0
2024-06,2344,华邦电,7377553.0,6988905.0
2024-06,2382,广达,111318180.0,90177487.0
2024-06,2408,南亚科,3363197.0,2458014.0
2024-06,2454,联发科,43092056.0,38218758.0
2024-06,3037,欣兴,8871595.0,8267797.0
2024-06,3711,日月光投控,46925404.0,46721623.0
2024-06,6669,纬颖,30758125.0,22607147.0
2024-07,2303,联电,20896877.0,19063918.0
2024-07,2330,台积电,256953058.0,177616220.0
2024-07,2344,华邦电,7083403.0,6314838.0
2024-07,2382,广达,124262620.0,86891131.0
2024-07,2408,南亚科,2745416.0,2437193.0
2024-07,2454,联发科,45609723.0,31763135.0
2024-07,3037,欣兴,10051113.0,8568959.0
2024-07,3711,日月光投控,51595954.0,48353336.0
2024-07,6669,纬颖,31121386.0,17659345.0
2024-08,2303,联电,20645494.0,18952011.0
2024-08,2330,台积电,250866368.0,188686256.0
2024-08,2344,华邦电,6997545.0,6424643.0
2024-08,2382,广达,145176833.0,101355120.0
2024-08,2408,南亚科,2802250.0,2574894.0
2024-08,2454,联发科,41527835.0,42256360.0
2024-08,3037,欣兴,10823395.0,9217841.0
2024-08,3711,日月光投控,52929761.0,52278801.0
2024-08,6669,纬颖,32192450.0,19450877.0
2024-09,2303,联电,18942714.0,19052938.0
2024-09,2330,台积电,251872717.0,180430282.0
2024-09,2344,华邦电,7231483.0,6766334.0
2024-09,2382,广达,155109787.0,98258338.0
2024-09,2408,南亚科,2584927.0,2724287.0
2024-09,2454,联发科,44675936.0,36078033.0
2024-09,3037,欣兴,10837646.0,8758856.0
2024-09,3711,日月光投控,55579391.0,53534708.0
2024-09,6669,纬颖,34504530.0,15707027.0
2024-10,2303,联电,21371110.0,19191382.0
2024-10,2330,台积电,314239713.0,243202811.0
2024-10,2344,华邦电,6097945.0,6297972.0
2024-10,2382,广达,135893235.0,91392610.0
2024-10,2408,南亚科,2182240.0,2668030.0
2024-10,2454,联发科,51117348.0,42810847.0
2024-10,3037,欣兴,10479818.0,8789447.0
2024-10,3711,日月光投控,56425583.0,56166613.0
2024-10,6669,纬颖,35381437.0,18942270.0
2024-11,2303,联电,20049182.0,18787670.0
2024-11,2330,台积电,276058358.0,206026179.0
2024-11,2344,华邦电,6221805.0,6368389.0
2024-11,2382,广达,141353606.0,103600595.0
2024-11,2408,南亚科,2187326.0,2874000.0
2024-11,2454,联发科,45242346.0,43071172.0
2024-11,3037,欣兴,9583655.0,8715320.0
2024-11,3711,日月光投控,52933333.0,54509085.0
2024-11,6669,纬颖,37465174.0,19385281.0
2024-12,2303,联电,18965818.0,16979226.0
2024-12,2330,台积电,278163107.0,176299866.0
2024-12,2344,华邦电,6372253.0,6507308.0
2024-12,2382,广达,138415569.0,92902893.0
2024-12,2408,南亚科,2205531.0,3161948.0
2024-12,2454,联发科,41683430.0,43679986.0
2024-12,3037,欣兴,9317439.0,8184615.0
2024-12,3711,日月光投控,52904645.0,49905503.0
2024-12,6669,纬颖,42767009.0,20222154.0
2025-01,2303,联电,19806795.0,19013697.0
2025-01,2330,台积电,293288038.0,215785127.0
2025-01,2344,华邦电,6066312.0,6402586.0
2025-01,2382,广达,142560447.0,72936574.0
2025-01,2408,南亚科,2162373.0,3060645.0
2025-01,2454,联发科,51144288.0,44496290.0
2025-01,3037,欣兴,9493871.0,9222048.0
2025-01,3711,日月光投控,49444261.0,47390354.0
2025-01,6669,纬颖,37506396.0,18787728.0
2025-02,2303,联电,18193515.0,17451268.0
2025-02,2330,台积电,260008796.0,181648270.0
2025-02,2344,华邦电,6353503.0,6207435.0
2025-02,2382,广达,150564741.0,84293471.0
2025-02,2408,南亚科,2272734.0,3050934.0
2025-02,2454,联发科,46171723.0,38481870.0
2025-02,3037,欣兴,9985276.0,8279814.0
2025-02,3711,日月光投控,44960788.0,39751076.0
2025-02,6669,纬颖,46516815.0,24326337.0
2025-03,2303,联电,19858647.0,18167134.0
2025-03,2330,台积电,285956830.0,195210804.0
2025-03,2344,华邦电,7572802.0,7511330.0
2025-03,2382,广达,192546802.0,101709333.0
2025-03,2408,南亚科,2752833.0,3391358.0
2025-03,2454,联发科,55996226.0,50479987.0
2025-03,3037,欣兴,10610385.0,8900957.0
2025-03,3711,日月光投控,53748213.0,45661425.0
2025-03,6669,纬颖,86632073.0,26514171.0
2025-04,2303,联电,20454530.0,19741391.0
2025-04,2330,台积电,349566940.0,236021112.0
2025-04,2344,华邦电,6819077.0,6981267.0
2025-04,2382,广达,154010874.0,97337441.0
2025-04,2408,南亚科,3118820.0,3206471.0
2025-04,2454,联发科,48754424.0,42027887.0
2025-04,3037,欣兴,10915988.0,9361971.0
2025-04,3711,日月光投控,52210767.0,45819887.0
2025-04,6669,纬颖,63802622.0,21963172.0
2025-05,2303,联电,19480057.0,19509486.0
2025-05,2330,台积电,320515951.0,229620372.0
2025-05,2344,华邦电,7093516.0,7125163.0
2025-05,2382,广达,160242327.0,101298511.0
2025-05,2408,南亚科,3333121.0,3351375.0
2025-05,2454,联发科,45180526.0,42151178.0
2025-05,3037,欣兴,10621322.0,9643831.0
2025-05,3711,日月光投控,49026935.0,47492772.0
2025-05,6669,纬颖,71132658.0,24759583.0
2025-06,2303,联电,18823070.0,17548413.0
2025-06,2330,台积电,263708978.0,207868693.0
2025-06,2344,华邦电,7105364.0,7377553.0
2025-06,2382,广达,189868451.0,111318180.0
2025-06,2408,南亚科,4074153.0,3363197.0
2025-06,2454,联发科,56433621.0,43092056.0
2025-06,3037,欣兴,10928735.0,8871595.0
2025-06,3711,日月光投控,49512621.0,46925404.0
2025-06,6669,纬颖,85808220.0,30758125.0
2025-07,2303,联电,20040049.0,20896877.0
2025-07,2330,台积电,323165707.0,256953058.0
2025-07,2344,华邦电,6837785.0,7083403.0
2025-07,2382,广达,158342022.0,124262620.0
2025-07,2408,南亚科,5352227.0,2745416.0
2025-07,2454,联发科,43220164.0,45609723.0
2025-07,3037,欣兴,11311474.0,10051113.0
2025-07,3711,日月光投控,51542033.0,51595954.0
2025-07,6669,纬颖,84528726.0,31121386.0
2025-08,2303,联电,19159816.0,20645494.0
2025-08,2330,台积电,335771691.0,250866368.0
2025-08,2344,华邦电,7012528.0,6997545.0
2025-08,2382,广达,152807846.0,145176833.0
2025-08,2408,南亚科,6762501.0,2802250.0
2025-08,2454,联发科,44546643.0,41527835.0
2025-08,3037,欣兴,11356606.0,10823395.0
2025-08,3711,日月光投控,56465628.0,52929761.0
2025-08,6669,纬颖,95978718.0,32192450.0
2025-09,2303,联电,19927175.0,18942714.0
2025-09,2330,台积电,330980920.0,251872717.0
2025-09,2344,华邦电,7920210.0,7231483.0
2025-09,2382,广达,184108513.0,155109787.0
2025-09,2408,南亚科,6664140.0,2584927.0
2025-09,2454,联发科,54330057.0,44675936.0
2025-09,3037,欣兴,11326339.0,10837646.0
2025-09,3711,日月光投控,60561227.0,55579391.0
2025-09,6669,纬颖,86316601.0,34504530.0
2025-10,2303,联电,21294974.0,21371110.0
2025-10,2330,台积电,367473051.0,314239713.0
2025-10,2344,华邦电,8225204.0,6097945.0
2025-10,2382,广达,173195793.0,135893235.0
2025-10,2408,南亚科,7907729.0,2182240.0
2025-10,2454,联发科,52026251.0,51117348.0
2025-10,3037,欣兴,11327098.0,10479818.0
2025-10,3711,日月光投控,60231106.0,56425583.0
2025-10,6669,纬颖,91264205.0,35381437.0
2025-11,2303,联电,21233847.0,20049182.0
2025-11,2330,台积电,343613802.0,276058358.0
2025-11,2344,华邦电,8629567.0,6221805.0
2025-11,2382,广达,192946811.0,141353606.0
2025-11,2408,南亚科,10168737.0,2187326.0
2025-11,2454,联发科,46895680.0,45242346.0
2025-11,3037,欣兴,11541416.0,9583655.0
2025-11,3711,日月光投控,58819584.0,52933333.0
2025-11,6669,纬颖,96885487.0,37465174.0
2025-12,2303,联电,19280724.0,18965818.0
2025-12,2330,台积电,335003568.0,278163107.0
2025-12,2344,华邦电,9770303.0,6372253.0
2025-12,2382,广达,272494820.0,140066068.0
2025-12,2408,南亚科,12017152.0,2205528.0
2025-12,2454,联发科,51266079.0,41683430.0
2025-12,3037,欣兴,11822372.0,9317439.0
2025-12,3711,日月光投控,58864547.0,52904645.0
2025-12,6669,纬颖,104290789.0,42767009.0
2026-01,2303,联电,20862150.0,19806795.0
2026-01,2330,台积电,401255128.0,293288038.0
2026-01,2344,华邦电,11778411.0,6066312.0
2026-01,2382,广达,230834858.0,142560447.0
2026-01,2408,南亚科,15309988.0,2162373.0
2026-01,2454,联发科,46977055.0,51144288.0
2026-01,3037,欣兴,12766959.0,9493871.0
2026-01,3711,日月光投控,59988631.0,49444261.0
2026-01,6669,纬颖,83225290.0,37506396.0
2026-02,2303,联电,19345126.0,18193515.0
2026-02,2330,台积电,317656613.0,260008796.0
2026-02,2344,华邦电,11973254.0,6353503.0
2026-02,2382,广达,215583149.0,150564741.0
2026-02,2408,南亚科,15607184.0,2272734.0
2026-02,2454,联发科,38954271.0,46171723.0
2026-02,3037,欣兴,11600477.0,9985276.0
2026-02,3711,日月光投控,52096847.0,44960788.0
2026-02,6669,纬颖,94633137.0,46516815.0
2026-03,2303,联电,20830626.0,19858647.0
2026-03,2330,台积电,415191699.0,285956830.0
2026-03,2344,华邦电,14501399.0,7572802.0
2026-03,2382,广达,362803048.0,192546802.0
2026-03,2408,南亚科,18169760.0,2752833.0
2026-03,2454,联发科,63219184.0,55996226.0
2026-03,3037,欣兴,13079019.0,10610385.0
2026-03,3711,日月光投控,61576674.0,53748213.0
2026-03,6669,纬颖,98649307.0,86632073.0
2026-04,2303,联电,22663945.0,20454530.0
2026-04,2330,台积电,410725118.0,349566940.0
2026-04,2344,华邦电,19245022.0,6819077.0
2026-04,2382,广达,339921315.0,154010874.0
2026-04,2408,南亚科,25491201.0,3118820.0
2026-04,2454,联发科,46736664.0,48754424.0
2026-04,3037,欣兴,13932815.0,10915988.0
2026-04,3711,日月光投控,62247107.0,52210767.0
2026-04,6669,纬颖,82730996.0,63802622.0
2026-05,2303,联电,22943755.0,19480057.0
2026-05,2330,台积电,416975163.0,320515951.0
2026-05,2344,华邦电,20001444.0,7093516.0
2026-05,2382,广达,311481017.0,160242327.0
2026-05,2408,南亚科,27669563.0,3333121.0
2026-05,2454,联发科,47434191.0,45180526.0
2026-05,3037,欣兴,14059973.0,10621322.0
2026-05,3711,日月光投控,63033313.0,49026935.0
2026-05,6669,纬颖,84050473.0,71132658.0
2026-06,2303,联电,23124962.0,18823070.0
2026-06,2330,台积电,442679969.0,263708978.0
2026-06,2344,华邦电,20596799.0,7105364.0
2026-06,2382,广达,385190820.0,189868451.0
2026-06,2408,南亚科,29388309.0,4074153.0
2026-06,2454,联发科,58011756.0,56433621.0
2026-06,3037,欣兴,14897030.0,10928735.0
2026-06,3711,日月光投控,65783102.0,49512621.0
2026-06,6669,纬颖,111371123.0,85808220.0
2026-07,2303,联电,23844045.0,20040049.0
2026-07,2330,台积电,467580548.0,323165707.0
2026-07,2344,华邦电,26773179.0,6837785.0
2026-07,2382,广达,366274080.0,158342022.0
2026-07,2408,南亚科,43867609.0,5352227.0
2026-07,2454,联发科,48474930.0,43220164.0
2026-07,3037,欣兴,16253637.0,11311474.0
2026-07,3711,日月光投控,73783701.0,51542033.0
2026-07,6669,纬颖,117685530.0,84528726.0
2026-08,2303,联电,25044641.0,19159816.0
2026-08,2330,台积电,514805337.0,335771691.0
2026-08,2344,华邦电,27308717.0,7012528.0
2026-08,2382,广达,423970932.0,152807846.0
2026-08,2408,南亚科,44690268.0,6762501.0
2026-08,2454,联发科,64183361.0,44546643.0
2026-08,3037,欣兴,17745519.0,11356606.0
2026-08,3711,日月光投控,82247374.0,56465628.0
2026-08,6669,纬颖,144311808.0,95978718.0
